Date Read,Book Id,Title,Author,Author l-f,Additional Authors,ISBN,ISBN13,My Rating,Average Rating,Publisher,Binding,Number of Pages,Year Published,Original Publication Year,Date Added,Date Started,Bookshelves,Exclusive Shelf,My Review,Read Count,Reading Time
2014-02-01,865,The Alchemist,Paulo Coelho,"Coelho, Paulo",Alan R. Clarke,0061122416,9.78006E+12,5,3.82,HarperCollins,Paperback,197.0,1993.0,1988.0,2014-04-30,2014-01-20,,read,,1,13.0
2014-03-01,17212231,"Inferno (Robert Langdon, #4)",Dan Brown,"Brown, Dan",,0385537859,9.78039E+12,3,3.81,Doubleday,Hardcover,461.0,2013.0,2013.0,2014-08-12,2014-02-20,,read,,1,10.0
2014-04-01,818108,Norwegian Wood,Haruki Murakami,"Murakami, Haruki",Jay Rubin,0099448823,9.7801E+12,5,4.02,Vintage,Paperback,389.0,2003.0,1987.0,2014-04-30,2017-03-15,,read,,1,-1078.0
2014-04-21,13496,"A Game of Thrones (A Song of Ice and Fire, #1)",George R.R. Martin,"Martin, George R.R.",,0553588486,9.78055E+12,5,4.45,Bantam,Mass Market Paperback,848.0,2005.0,1996.0,2014-07-26,2014-04-01,,read,,1,21.0
2014-05-15,10572,"A Clash of Kings  (A Song of Ice and Fire, #2)",George R.R. Martin,"Martin, George R.R.",,0553381695,9.78055E+12,5,4.4,Bantam,Paperback,761.0,2002.0,1998.0,2014-07-26,2014-04-21,,read,,1,25.0
2014-06-07,62291,"A Storm of Swords (A Song of Ice and Fire, #3)",George R.R. Martin,"Martin, George R.R.",,055357342X,9.78055E+12,5,4.54,Bantam,Mass Market Paperback,1177.0,2003.0,2000.0,2014-07-26,2014-05-15,,read,,1,24.0
2014-07-01,13497,"A Feast for Crows (A Song of Ice and Fire, #4)",George R.R. Martin,"Martin, George R.R.",,055358202X,9.78055E+12,4,4.1,Bantam Books,Mass Market Paperback,1061.0,2011.0,2005.0,2014-07-26,2014-06-07,,read,,1,25.0
2014-07-28,10673579,"A Dance with Dragons (A Song of Ice and Fire, #5)",George R.R. Martin,"Martin, George R.R.",,0553905651,9.78055E+12,5,4.31,Bantam,ebook,1040.0,2011.0,2011.0,2014-07-25,2014-07-01,,read,,1,28.0
2014-08-21,11275,The Wind-Up Bird Chronicle,Haruki Murakami,"Murakami, Haruki",Jay Rubin,0965341984,9.78097E+12,4,4.17,Knopf,Paperback,607.0,1997.0,1994.0,2014-07-26,2014-07-30,,read,"The book was nice at first, but as it progressed, it became more and more incoherent. Such is to be expected from a book which deals little with this reality and much with the parallel, darker kind of worlds. Although, the finishing was quite adeptly laid out, and the way everything came to an end and the explanations which are given is not unsatisfying, that is for sure.<br/>The scenarios are vivid, and the feelings the writer wanted to express came to life with a certain grace, so I'd give him that, but as the only book I read of Murakami was Norwegian Woods, I wasn't certainly expecting something like this.<br/>4 out of 5 stars seems fair to me.",1,23.0
2014-08-24,11870085,The Fault in Our Stars,John Green,"Green, John",,0525478817,9.78053E+12,3,4.26,Dutton Books,Hardcover,313.0,2012.0,2012.0,2014-08-12,2014-08-21,,read,,1,4.0
2014-08-26,16299,And Then There Were None,Agatha Christie,"Christie, Agatha",,0312330871,9.78031E+12,4,4.23,St. Martin's Griffin,Paperback,264.0,2004.0,1939.0,2014-08-25,2014-08-25,,read,,1,2.0
2014-08-28,16304,"Murder on the Orient Express (Hercule Poirot, #10)",Agatha Christie,"Christie, Agatha","Oreste del Buono, Lidia Zazo",0425200450,9.78043E+12,5,4.16,Berkley,Paperback,322.0,2004.0,1934.0,2014-08-27,2014-08-26,,read,,1,3.0
2014-08-29,16343,The Mysterious Affair at Styles (Hercule Poirot #1),Agatha Christie,"Christie, Agatha",,0646418432,9.78065E+12,5,3.98,Deodand,Paperback,294.0,2002.0,1920.0,2014-08-28,2014-08-28,,read,,1,2.0
2014-09-01,15783514,The Ocean at the End of the Lane,Neil Gaiman,"Gaiman, Neil",,0062255657,9.78006E+12,4,3.99,William Morrow Books,Hardcover,181.0,2013.0,2013.0,2014-07-28,2014-08-29,,read,,1,4.0
2014-09-02,16115612,And the Mountains Echoed,Khaled Hosseini,"Hosseini, Khaled",,159463176X,9.78159E+12,3,4.03,Riverhead Books,Hardcover,404.0,2013.0,2012.0,2014-07-28,2014-09-01,,read,"It hurts me to rate this book as such, but still, I do not think I can rate it any better.<br/><br/>I finished the book last night, and after 6 hours of sleep, none of what I felt through the last half of the book remains inside me. To me, the first half was mesmerizing, the journey of Baba Ayub, the tree in Shadbagh, fifty years of Nabi and Suleiman Wahdati, those are the part that keeps my mind occupied- it is as though the second half never existed. I think the degree to which it's eclipsed by the first half becomes clear from that. The later chapters kept dragging me out of the story- or maybe they <b>were</b> the story, which makes the cover of incoherency achingly translucent.<br/><br/>This is my first book from [a:Khaled Hosseini|569|Khaled Hosseini|https://d.gr-assets.com/authors/1359753468p2/569.jpg], and I do expect better from the other books of him.",1,2.0
2014-09-09,320,One Hundred Years of Solitude,Gabriel García Márquez,"Márquez, Gabriel García",Gregory Rabassa,0060531045,9.78006E+12,4,4.04,Harper,Hardcover,457.0,2003.0,1967.0,2014-09-02,2014-09-02,,read,,1,8.0
2014-09-13,29579,Foundation (Foundation #1),Isaac Asimov,"Asimov, Isaac",,0553803719,9.78055E+12,4,4.13,Bantam,Hardcover,244.0,2004.0,1951.0,2012-10-08,2014-09-13,,read,,1,1.0
2014-09-17,29581,Foundation and Empire (Foundation #2),Isaac Asimov,"Asimov, Isaac",,0553803727,9.78055E+12,4,4.2,Spectra Books,Hardcover,256.0,2004.0,1952.0,2014-09-13,2014-09-13,,read,,1,5.0
2014-09-26,68428,"The Final Empire (Mistborn, #1)",Brandon Sanderson,"Sanderson, Brandon",,076531178X,9.78077E+12,4,4.43,Tor Books,Hardcover,541.0,2006.0,2006.0,2014-09-25,2014-09-17,,read,,1,10.0
2014-10-15,68429,"The Well of Ascension (Mistborn, #2)",Brandon Sanderson,"Sanderson, Brandon",,0765316889,9.78077E+12,3,4.35,Tor Books,Hardcover,590.0,2007.0,2007.0,2014-10-12,2014-10-12,,read,"4 for the book, -1 for hidden chauvinism. Surprised?<br/><br/>I disliked the portrayal of Vin strongly. She had the potential to be a strong female character; but in the end she fares little better than Daisy from Great Gatsby - nothing without ""her man"" beside her. A girl who kills people at night fascinates about ball gowns and men (who can ""support"" her) is certainly an overkill, and thus an eyesore. It could have been more than that, adding a little character integrity besides her overwhelming ""killing machine"" aura (which was well-executed, I have to admit) couldn't hurt.<br/><br/>What did I expect, though - this seemed like a teenage fantasy after all.",1,4.0
2014-10-17,485894,The Metamorphosis,Franz Kafka,"Kafka, Franz",Stanley Corngold,0553213695,9.78055E+12,4,3.79,Bantam Books,Paperback,201.0,1972.0,1915.0,2014-09-17,2014-10-16,,read,"Easy on the eyes, hard to digest.<br/><br/>The thing that struck as odd in the first look was certainly the most consistent part- Gregor's behavior. At first, it seems odd, why he would not raise a hue and cry; but then again, he was the one with the deformity and by our social norms he is responsible to blend with the shadows by our <b>""Perfect World Hypothesis""</b> (Good things happen to good people, bad things happen to bad people.)<br/><br/>Short, but not easily forgettable.",1,2.0
2014-10-24,2657,To Kill a Mockingbird,Harper Lee,"Lee, Harper",,0061120081,9.78006E+12,5,4.26,Harper Perennial Modern Classics,Paperback,324.0,2006.0,1960.0,2014-09-22,2014-10-18,,read,"An absolutely amazing book.<br/><br/>The description of serious matters as rape and racism through the eyes of a child can easily seem hackneyed, but somehow, it didn't. Rather, the vividness of these, juxtaposed with the early childhood innocence, created a magical feeling. This compelled me to rate this as nothing less than a classic.<br/><br/>The suspense between hope and broken promises, the clash between Scout's innocence and Ewell's unscrupulousness pushes the plot forward - there was barely a boring moment - all without invoking the adrenaline induced excitement.<br/><br/>Recommended to anyone, of any taste and any age.",1,7.0
2014-10-29,4981,Slaughterhouse-Five,Kurt Vonnegut Jr.,"Jr., Kurt Vonnegut",,0385333846,9.78039E+12,5,4.06,Dial Press Trade Paperback,Paperback,275.0,1999.0,1969.0,2014-10-18,2014-10-25,,read,"""It had to be done,"" Rumfoord told Billy, speaking of the destruction of Dresden.<br/>""I know,"" said Billy.<br/>""That's war.""<br/>""I know. I'm not complaining""<br/>""It must have been hell on the ground.""<br/>""It was,"" said Billy Pilgrim.<br/>""Pity the men who had to do it.""<br/>""I do.""<br/>""You must have had mixed feelings, there on the ground.""<br/>""It was all right,"" said Billy. ""Everything is all right, and everybody has to do exactly what he does. I learned that on Tralfamadore.""<br/><br/>The best part of the book - an seemingly apathetic yet appealing prose.",1,5.0
2014-11-01,1009709,"Death on the Nile (Hercule Poirot, #17)",Agatha Christie,"Christie, Agatha",,0007119321,9.78001E+12,3,4.07,Harper,Paperback,416.0,2007.0,1937.0,2014-10-30,2014-10-30,,read,,1,3.0
2014-11-04,16328,The Murder of Roger Ackroyd,Agatha Christie,"Christie, Agatha",,1579126278,9.78158E+12,5,4.2,Black Dog & Leventhal Publishers,Hardcover,288.0,2006.0,1926.0,2014-11-02,2014-11-02,,read,"I didn't know Hercule Poirot is এরকুল পোয়ারো before this book :p well, he certainly lives up to his name, though somehow he lacks the flash some other detective stories have. A nice ending and a nice narration, combined with a carefully constructed plot -certainly a good read.",1,3.0
2014-11-18,102868,A Study in Scarlet,Arthur Conan Doyle,"Doyle, Arthur Conan",,1420925539,9.78142E+12,5,4.15,Digireads.com,Paperback,108.0,2005.0,1887.0,2014-08-12,2014-11-04,,read,,1,15.0
2014-11-22,96358,Batman: The Killing Joke,Alan Moore,"Moore, Alan","Brian Bolland, Tim Sale",0930289455,9.78093E+12,5,4.37,DC Comics,Paperback,50.0,1995.0,1988.0,2014-11-22,2014-11-22,,read,"The coolest thing I read in a long time.<br/>The fact that Joker was supposedly killed here by batman (and which was later confirmed to be the intention later by someone official) makes it even greater. The tension between Batman and Joker, and despite all that, their affinity - is portrayed here quite gracefully by Alan Moore.<br/>Loved it.",1,1.0
2014-11-26,477597,Poirot Investigates,Agatha Christie,"Christie, Agatha",,0007120702,9.78001E+12,4,4.07,Harper,Paperback,265.0,2001.0,1924.0,2014-11-25,2014-11-22,,read,"Might as well, why not?<br/>A nice set of short stories, but might not work so well if you want them for anything other than time passing.",1,5.0
2014-12-05,2767793,"The Hero of Ages (Mistborn, #3)",Brandon Sanderson,"Sanderson, Brandon",,0765316897,9.78077E+12,4,4.46,Tor Books,Hardcover,572.0,2008.0,2008.0,2014-12-05,2014-11-26,,read,"<i>""The mist hides you, protects you,<br/>Gives you power!""</i><br/>The end wasn't as per expectation, but that makes it even greater. Exciting to the end, and rarely a slow part within. Nice plot and character development. ",1,10.0
2014-12-11,10803121,"The Alloy of Law (Mistborn, #4)",Brandon Sanderson,"Sanderson, Brandon",,0765330423,9.78077E+12,3,4.21,Tor Books,Hardcover,332.0,2011.0,2011.0,2014-12-11,2014-12-05,,read,,1,7.0
2014-12-17,14497,Neverwhere,Neil Gaiman,"Gaiman, Neil",,0060557818,9.78006E+12,4,4.18,William Morrow Paperbacks,Paperback,300.0,2003.0,1996.0,2014-12-17,2014-12-11,,read,"Interesting opening but stringy ending. It seemed quite hurried, to be honest.<br/>Though, the book is adapted from a TV series. Had I known that, I might have judged it differently.<br/>Interesting fact - the idea is quite similar to that of the 2012 game DmC (Devil May Cry).<br/>Good for imagination. A nice read.",1,7.0
2014-12-25,186074,"The Name of the Wind (The Kingkiller Chronicle, #1)",Patrick Rothfuss,"Rothfuss, Patrick",,075640407X,9.78076E+12,4,4.55,Penguin Group DAW Hardcover,Hardcover,662.0,2007.0,2007.0,2014-12-26,2014-12-18,,read,"<b>Disclaimer: No kings were killed or harmed in any way in the story of this book.</b><br/><br/>Not much action, no major mysteries unraveled. Basically an introduction book, in my opinion - let's see what happens within the next two days.",1,8.0
2015-01-01,1215032,"The Wise Man's Fear (The Kingkiller Chronicle, #2)",Patrick Rothfuss,"Rothfuss, Patrick",,0756404738,9.78076E+12,2,4.57,DAW Books,Hardcover,994.0,2011.0,2011.0,2015-01-01,2014-12-25,,read,"Not a fantasy book, at least not what I had expected anyway.<br/><br/>A boring, incoherent chronicle of an over-competent teen might have been a better title. It was actually some disjoint stories strung together in a very, very clumsy manner - and though I liked Kvothe the supporting characters were very, very superficial.<br/><br/>Pausing the fantasy genre for a while, thanks to Kingkiller Chronicles (and Patrick Rothfuss).",1,8.0
2015-01-07,5470,1984,George Orwell,"Orwell, George","George Orwell, Erich Fromm",0451524934,9.78045E+12,4,4.14,New American Library,Mass Market Paperback,328.0,1950.0,1949.0,2015-01-01,2015-01-02,,read,,1,6.0
2015-01-11,22628,The Perks of Being a Wallflower,Stephen Chbosky,"Chbosky, Stephen",,0671027344,9.78067E+12,4,4.21,MTV Books and Pocket Books,Paperback,213.0,1999.0,1999.0,2015-01-12,2015-01-08,,read,"“So, this is my life. And I want you to know that I am both happy and sad and I'm still trying to figure out how that could be.”<br/><br/>Though at point to point the description of the teenage years seemed unrealistic, overly simplistic, and sometimes outright nostalgic (as though they are being written by people older than those years), the book is ultimately enjoyable - at some points heartwarming, at some points heart-aching.",1,4.0
2015-01-23,4929,Kafka on the Shore,Haruki Murakami,"Murakami, Haruki",Philip Gabriel,1400079276,9.7814E+12,4,4.13,Vintage International,Paperback,480.0,2006.0,2002.0,2014-09-02,2014-09-17,,read,"<b>If you remember me, then I don't care if everyone else forgets.</b><br/><br/><img src=""http://i.imgur.com/BGivyya.png?1"" width=""400"" height=""225"" alt=""Kafka On The Shore""/><br/><br/>Quite imperfect on quite many levels.<br/><br/>First of all - there are many logical gaps on the novel - many places where this just doesn't add up. Some things are hinted but never explained, some characters are just laid off without any previous explanations and so on. Also, where <spoiler>Colonel Sanders</spoiler> went, or what was his relations with <spoiler>Johnnie Walker</spoiler>, or even JW's relations with Kafka's father - none of these is explained. I was waiting for a spectacular finish like Wind-up Bird chronicles, and all I got was disappointments.<br/><br/>Still, gave three stars because of some nice and heartwarming quotes - those might help me later.",1,129.0
2015-01-27,3227063,"The Way of Shadows (Night Angel, #1)",Brent Weeks,"Weeks, Brent",,0316033677,9.78032E+12,3,4.15,Orbit,Mass Market Paperback,645.0,2008.0,2008.0,2015-01-21,2015-01-23,,read,"What was it, really?<br/><br/>It felt like the author read some fantasy series recently, and getting inspired from that he started his own series. So far so good, but when the books he has read starts leaking into his writing - plots, twists and all, then his book feels like reading a cut-pasted novel made by a great reader of fantasy genre.<br/><br/>Rating this 3/5 only from pity - this half baked book isn't really worth it.",1,5.0
2015-01-28,28187,"The Lightning Thief (Percy Jackson and the Olympians, #1)",Rick Riordan,"Riordan, Rick",,0786838655,9.78079E+12,4,4.23,Disney Hyperion Books,Paperback,375.0,2006.0,2005.0,2015-01-23,2015-01-27,,read,"An absolutely fantastic book for an specific age group.<br/><br/>Though it can be accused of being influenced by Harry Potter, I think this is absolutely okay.<br/>A nice fantasy book, a nicely constructed world, and a crisp writing style.",1,2.0
2015-01-30,28186,"The Sea of Monsters (Percy Jackson and the Olympians, #2)",Rick Riordan,"Riordan, Rick",,0786856866,9.78079E+12,4,4.23,Hyperion Books,Hardcover,279.0,2006.0,2006.0,2015-02-02,2015-01-29,,read,"A nice book for children, I guess.<br/>And also makes a nice instrument for spending time mindlessly.<br/>Though seemed like a repetition of the first book, just shaking up the character settings a bit.",1,2.0
2015-02-01,561456,"The Titan's Curse (Percy Jackson and the Olympians, #3)",Rick Riordan,"Riordan, Rick",,0141382899,9.78014E+12,4,4.34,Puffin Books,Paperback,320.0,2007.0,2007.0,2015-02-02,2015-01-30,,read,"Not quite unlike the previous two books, but still, has an attraction for which I am continuously reading books from this series.<br/>Nice works by Rick Riordan.",1,3.0
2015-02-04,2120932,"The Battle of the Labyrinth (Percy Jackson and the Olympians, #4)",Rick Riordan,"Riordan, Rick",,1423101464,9.78142E+12,4,4.39,Hyperion Books for Children,Hardcover,361.0,2008.0,2008.0,2015-02-06,2015-02-02,,read,"A nice and creative story - specially the bit about the Labyrinth and its description.<br/>Other than some tiny bits inside, the story progresses nicely, while every component works together to give it a fine ending.<br/>Not the best written book of the series, obviously, but seriously the one with the best potential.<br/>",1,3.0
2015-02-05,4502507,"The Last Olympian (Percy Jackson and the Olympians, #5)",Rick Riordan,"Riordan, Rick",,0739380338,9.78074E+12,5,4.5,,Audio CD,11.0,2009.0,2009.0,2015-02-06,2015-02-04,,read,"Disclaimer: This book was rated and reviews by my inner twelve year self. Go figure.<br/><br/>The best book of the series, and definitely the ending this series deserved.<br/>I was definitely a little sad about letting the series end, but I was happier to find an ending like this - an ending that after a long, long time did not disappoint me. The build up was quite spectacular, and though I missed Tyson a bit (I really don't know why; I mean, at first I didn't even like his character) the other characters definitely made up for it. The ending was not bland, either, it makes you smile, <i>literally</i>.<br/><br/>Depicts a perfect childhood, with a place of one's own, some people of one's own and stories of one's own - which is quite deeply satisfying.<br/><br/>If you're below sixteen, please go for this series - it will be your best decision in a long time.",1,2.0
2015-02-12,3754016,"Shadow's Edge (Night Angel, #2)",Brent Weeks,"Weeks, Brent",,0316033650,9.78032E+12,1,4.27,Orbit,Mass Market Paperback,636.0,2008.0,2008.0,2015-02-13,2015-02-07,,read,"One humungous blot in the face of fantasy genre.<br/><br/>There are quite infinitely many lines in this book which would drive you right-out mad. I cannot remember them at this moment, and even if I did, I am not sure I would take the time to write them out.<br/><br/>Recommended if you want brain hemorrhage.",1,6.0
2015-02-17,3754026,"Beyond the Shadows (Night Angel, #3)",Brent Weeks,"Weeks, Brent",,0316033669,9.78032E+12,3,4.29,Orbit,Mass Market Paperback,689.0,2008.0,2008.0,2015-02-17,2015-02-13,,read,"The last action was fair enough, so +1 stars.<br/><br/>Other than that, the book was complete, utter BS. If it makes sense, sorry, but you need a sense check for that.",1,5.0
2015-02-25,4407,"American Gods (American Gods, #1)",Neil Gaiman,"Gaiman, Neil",,0747263744,9.78075E+12,5,4.11,Headline Review,Paperback,635.0,2005.0,2001.0,2015-01-03,2015-02-17,,read,"<b>It's in the trunk. It was always in the trunk.</b><br/><br/>This is a book about a man, and some gods - but it was much, much beyond that. It was a journey, an experience, and above all, a work of art.<br/>Every encounter, though not awe-inspiring at the first sight, made a lasting impression, and for that I am grateful; for this book and for the time I spent reading it.",1,9.0
2015-03-07,102927,Never Let Me Go,Kazuo Ishiguro,"Ishiguro, Kazuo",,057122413X,9.78057E+12,3,3.8,Faber and Faber,Paperback,282.0,2006.0,2005.0,2015-03-07,2015-02-26,,read,"Interesting, but very very slow.<br/><br/>From the beginning starts a chronicle of Kathy of her life in Hailsham. While it is not quite bad, it's not that enjoyable either - and with that lukewarm narrative the book failed to stick in my mind.",1,10.0
2015-03-30,2429135,"The Girl with the Dragon Tattoo (Millennium, #1)",Stieg Larsson,"Larsson, Stieg",Reg Keeland,0307269752,9.78031E+12,4,4.11,Knopf,Hardcover,465.0,2008.0,2005.0,2012-10-08,2015-03-08,,read,"Quite an interesting read considering this as a detective novel.<br/>Though, could have been better in a lot of places. The story drags a little bit at one-third, where <spoiler>Blomkvist starts his reasearch at Hedeby</spoiler>. The book picks up speed after that, though, so that was quite forgivable.<br/>Another thing, I did not understand what role the last 10% of this book played. Why did we need those, exactly? To end the imaginary war about Wennerstrom that the author did not thing necessary to mention in the middle half of the book at all? Sounded like a completely unrelated part of the story for me.<br/>Overall, it was an okay book, but not something I'd read again.",1,23.0
2015-04-07,17470674,Fahrenheit 451,Ray Bradbury,"Bradbury, Ray",,0007491565,9.78001E+12,4,3.97,Harper Voyager,Hardcover,227.0,2013.0,1953.0,2015-01-01,2015-03-30,,read,"A beautiful book, though somewhat surrealistic from time to time. To me, it seemed like that the writer is quite deliberately staying away from cold, hard realism consciously while trying to express his feelings clearly. Well, at least I think he succeeded in that, and I think even if this  might not be the imminent future, it predicts at least a part of it.",1,9.0
2015-04-16,7613,Animal Farm,George Orwell,"Orwell, George",,0452284244,9.78045E+12,5,3.88,NAL,Paperback,122.0,2003.0,1945.0,2014-11-05,2015-04-15,,read,"<b>The creatures outside looked from pig to man, and from man to pig, and from pig to man again; but already it was impossible to say which was which.</b><br/><br/><b>Surely, comrades, you do not want Jones back?</b><br/><br/>A great depiction of ""governments"", or what I see left today in my own land. Every character, every event seems to mock the history books, or rather, life in such a country. I loved this book, the very description and the depiction.",1,2.0
2015-04-16,228665,"The Eye of the World (Wheel of Time, #1)",Robert Jordan,"Jordan, Robert",,0812511816,9.78081E+12,4,4.18,Tor Books,Mass Market Paperback,814.0,1990.0,1990.0,2015-01-23,2015-04-03,,read,"Quite a good start for a lengthy fantasy series.<br/>I liked how Robert Jordan kept room for parallelization - three protagonists in a fantasy series is something new, and I will probably have to wait a bit to find out whether it is a good one.<br/>Still, quite great to read, especially to notice how this book combines many greater elements from fantasy genre - so if you are an old school fantasy lover, pick this up and you won't regret, promise!",1,14.0
2015-05-04,233649,"The Great Hunt (Wheel of Time, #2)",Robert Jordan,"Jordan, Robert",,0812517725,9.78081E+12,4,4.21,Tor Fantasy,Mass Market Paperback,705.0,1991.0,1990.0,2015-05-04,2015-04-17,,read,"A fine fantasy book, albeit a little slow from time to time, but still enjoyable.<br/><br/>Parts I disliked:<br/><spoiler><br/>1. The description of Seanchan. They sounded like murdering rampaging psychopaths to me. Good way to make people hate your villain, but not so much to make them believable.<br/>2. The final fight of Rand and the aftermath. The sounding of horn was way too anticlimactic.<br/>3. The development of Liandrin. Again, I was made to hate the villain, but literally not knowing why.<br/></spoiler>",1,18.0
2015-05-10,23754,Preludes & Nocturnes (The Sandman #1),Neil Gaiman,"Gaiman, Neil","Sam Kieth, Mike Dringenberg, Malcolm Jones III, Todd Klein, Karen  Berger",1563892278,9.78156E+12,5,4.29,Vertigo,Hardcover,240.0,1998.0,1989.0,2015-05-11,2015-04-11,,read,"Literature in an unexpected format!<br/><br/>I did not think that comic books could have a significant moral value - till I met [a:Alan Moore|3961|Alan Moore|https://d.gr-assets.com/authors/1304944713p2/3961.jpg] or [a:Neil Gaiman|1221698|Neil Gaiman|https://d.gr-assets.com/authors/1234150163p2/1221698.jpg]. True, I was a fan of Neil Gaiman before it, but I did not expect it to boundaries I unconsciously imposed on the comic book genre.<br/><br/>It was an adventure, or rather the beginning of it, in the perspective of a very curious character. Being not familiar with western folklore, I did not know Sandman from anywhere other than some kid movies. But this shone an entire new light on him; and I liked how Neil Gaiman writes as a character that is at once immortal and on a fine balance between apathy and philanthropy - and really sound like one!<br/><br/>Looking forward to reading all the other books of this series as soon as I can!",1,30.0
2015-05-11,359820,"The Dragon Reborn (Wheel of Time, #3)",Robert Jordan,"Jordan, Robert",,0812513711,9.78081E+12,4,4.23,Tor Fantasy,Mass Market Paperback,699.0,1992.0,1991.0,2015-05-12,2015-05-05,,read,"Fair enough, but I expected better.<br/>What I did not expect is narration from Perrin or Mat's perspective. And somehow, Robert Jordan nailed those chapter. I now feel as if the books felt <b>because</b> it was from their perspective, and not Rand's.<br/>Still, the books are getting somehow more and more weird, and I feel the books are constantly making less sense.",1,7.0
2015-05-15,25099,The Doll's House (The Sandman #2),Neil Gaiman,"Gaiman, Neil","Steve Parkhouse, Chris Bachalo, Michael Zulli, Mike Dringenberg, Malcolm Jones III, Todd Klein, Clive Barker",1563892251,9.78156E+12,4,4.44,Vertigo,Hardcover,232.0,1999.0,1990.0,2015-05-16,2015-05-15,,read,"I liked 1. the cereal convention, 2. the doll's house, 3. the life of Jed; but all three of them together is a few stories too much.<br/>Still, it was enjoyable, a little less so maybe because I read the book at one sitting.",1,1.0
2015-05-23,25100,Dream Country (The Sandman #3),Neil Gaiman,"Gaiman, Neil","Kelley Jones, Charles Vess, Colleen Doran, Malcolm Jones III, Steve Erickson",156389226X,9.78156E+12,4,4.27,DC Comics,Hardcover,160.0,1999.0,1991.0,2015-05-22,2015-05-18,,read,"A Dream of a Thousand Cats was great - it was more than great; the art, the characters, and the theme, and how Gaiman portrayed everything in one frame.<br/><br/>Sad part is, I did not get or could not follow ""A Midsummer Night's Dream"". Maybe I will read the plot synopsis of the play and then try again, but for that 3.5 stars.",1,6.0
2015-05-23,9539,"The Shadow Rising (Wheel of Time, #4)",Robert Jordan,"Jordan, Robert",,0812513738,9.78081E+12,3,4.21,Tom Doherty Tor Fantasy,Mass Market Paperback,1007.0,1993.0,1992.0,2015-05-23,2015-05-12,,read,"Getting real tired of Rand's polygamy -_-<br/>The book is not much different from the previous ones, as I doubt it won't be different from the later ones too. What was happening keeps happening, what will happen will keep happening too - so if you want an honest review, check something out from the first three books.",1,12.0
2015-06-01,140975,"The Fires of Heaven (Wheel of Time, #5)",Robert Jordan,"Jordan, Robert",,0812550307,9.78081E+12,3,4.13,Tor Fantasy,Mass Market Paperback,989.0,1994.0,1993.0,2015-06-01,2015-05-23,,read,"The only plot points for which this book was worth reading are <spoiler>Siuan Sanche's sacking</spoiler>, her plot and character development with respect to Gareth Bryne, and the last four or five chapters. Other than that, I believe Jordan has surely spent too much time (excruciatingly) detailing fussing over the unnecessary and glossing over the unnecessary. Just thinking that Nyaneve's traveling menagerie got more time than the war at Cairhien sends shivers down my spine.<br/><spoiler>Get you sh*t together -_-</spoiler>",1,10.0
2015-06-02,104596,"The Sandman, Vol. 4: Season of Mists (The Sandman, #4)",Neil Gaiman,"Gaiman, Neil","Kelley Jones, Mike Dringenberg, Matt Wagner, Dick Giordano, George Pratt, P. Craig Russell, Harlan Ellison",1563890410,9.78156E+12,4,4.54,DC Comics,Paperback,217.0,1992.0,1990.0,2015-06-01,2015-05-24,,read,"The beginning was nice, the build up was excellent, but the ending left more to be desired. There could have been so many endings, so many different possibilities, and Neil chose to end with the most dull/boring one, emerging from a <i>deuce ex machina</i> (yep, you read that right).<br/>Liked: the endless family meeting, the depiction of forgotten deities (that would follow in [b:American Gods|4407|American Gods (American Gods, #1)|Neil Gaiman|https://d.gr-assets.com/books/1258417001s/4407.jpg|1970226] ) and the renovation of hell.",1,10.0
2015-06-04,3876,The Sun Also Rises (Fiesta),Ernest Hemingway,"Hemingway, Ernest",,0684800713,9.78068E+12,3,3.83,Pan Books,Paperback,189.0,1957.0,1926.0,2015-01-03,2015-06-02,,read,,1,3.0
2015-06-18,35231,"Lord of Chaos (Wheel of Time, #6)",Robert Jordan,"Jordan, Robert",,0812513754,9.78081E+12,2,4.1,Tor Fantasy,Mass Market Paperback,1011.0,1995.0,1994.0,2015-06-12,2015-06-04,,read,"The most half-baked book in the Wheel of Time series yet.<br/>The first 80% of this book is seemingly useless, there are only beginnings but no endings; Robert Jordan spins plot-lines without any apparent interest in binding them together.<br/><br/>The only substantial progress in the books is seemingly from the Aes Sedai front <spoiler>(and the Asha'man of Rand led by Taim.)</spoiler> Other than that, we get no definite conclusion for  <spoiler>Elayne, Nynaeve, Mat, Morgase, the Forsaken</spoiler> and plenty others whose characters were seemingly there on their own, without any care for where their own story starts or ends.<br/><br/>Not looking forward for the next book as much, but six books sent me in such a position that I have no choice but to end the series.",1,15.0
2015-06-19,17803,After Dark,Haruki Murakami,"Murakami, Haruki",Jay Rubin,0307265838,9.78031E+12,5,3.68,Knopf Publishing Group,Hardcover,191.0,2007.0,2004.0,2015-06-03,2015-06-18,,read,"Another mesmerizing Murakami book...<br/>Though short, in this book there are every taste of classic Murakami literature - interesting characters, their slow but meaningful interaction and as always, the hint of metaphysics to mean something even deeper.<br/>Nice book if someone wants to start reading [a:Haruki Murakami|3354|Haruki Murakami|https://d.gr-assets.com/authors/1350230608p2/3354.jpg], and I would even suggest reading it before Wind Up Bird Chronicles or Kafka on The Shore.",1,2.0
2015-06-22,25102,The Sandman: A Game of You,Neil Gaiman,"Gaiman, Neil","Shawn McManus, Colleen Doran, Bryan Talbot, George Pratt, Stan Woch, Dick Giordano, Todd Klein",1563890933,9.78156E+12,4,4.43,Vertigo,Hardcover,192.0,1999.0,1993.0,2015-06-19,2015-06-19,"metaphysics, finest-fantasy",read,"Neil Gaiman is an show-off -- and I love him for it.<br/>What does he not have? A brilliant mind full to bursting with mesmerizing ideas, a penchant to create memorable characters and alluding to them even later on -  all those makes him (at least in my eyes) nothing short of a genius. And this book was so, too; with nothing more than a few panels of Morpheus but bristling with his universe; going to show how even characters like Barbara can make an impression on the infinitely huge universe out there, and how ""sinner""s like Wanda <s>Alvin</s> can make an impression on these characters' lives.<br/>Wonderful book, though somewhat anti-climactic like the previous one, so 4.49/5 stars.",1,4.0
2015-06-28,6101718,The Magicians (The Magicians #1),Lev Grossman,"Grossman, Lev",,0670020559,9.78067E+12,5,3.48,Viking,Hardcover,402.0,2009.0,2009.0,2015-06-12,2015-06-21,,read,"Rating increased from 3/5 to 5/5.<br/><br/>SPOILER ALERT: <spoiler>This whole deal is real. No, not the magic part, but the part with power to do anything screwing up our head. We are the living proof of this.</spoiler><br/><br/>Where real world meets a screwed up Narnia and an inconsistent magic system, you get Magicians.<br/>I know the main focus of the writing was never the magic system, but at least some level of consistency was expected. Magic can do something at sometimes and fail at others at some moments, and there's only a blurry line between them at best; and a humongous overlap at worst. Same goes for characters magical abilities; <spoiler>at one scene Martin stops a class and a school full of professors from getting to him, and on another scene a just out of school like Alice gets him because <u>Martin was weak on basics.</u> Seriously, the professors never thought of those?</spoiler><br/>Still, the depiction of emotions was good, at very many points of the books. Will look for better read in next books, till then, 3.5/5 seems appropriate.",1,8.0
2015-07-08,10079321,"The Magician King (The Magicians, #2)",Lev Grossman,"Grossman, Lev",,043402080X,9.78043E+12,4,3.91,William Heinemann,Paperback,400.0,2011.0,2011.0,2015-07-14,2015-06-29,,read,"First off - Magician King was a huge improvement over The Magicians; it was the first time it looked like the characters might actually be able to feel something, rather than being animated and just acting so.<br/>The adventure was actually impressive; it was something that actually offered exhilaration rather than just giving off a vague vibe. Finally, the ending was enough tragic that it stuck and didn't feel like it was made to be a soppy, sad story. Overall, I'd give this book a 4.5/5; and I must say, Lev Grossman improved a lot over the years.",1,10.0
2015-07-13,23398891,"The Magician's Land (The Magicians, #3)",Lev Grossman,"Grossman, Lev",,0147516145,9.78015E+12,4,4.16,Penguin Books,Paperback,401.0,2015.0,2014.0,2015-08-10,2015-07-08,fantasy,read,"I liked this book pretty much.<br/>Seemed like quite a nice ending to the series - it went well with the vibes and the common themes running through the series. Though some touches were a bit incomplete (like with Asmodeus and such), but in general; it felt good enough.<br/><spoiler><br/>Bringing back Alice was maybe a little unimportant or childishly done. If a character is dead, I think letting them die is the best choice, rather than having them pop-up somewhere later in the book, trying to rekindle the long-lost love (and long-lost track of love story) isn't something pleasant, even more so when it's done as poorly as in the Magician.<br/></spoiler><br/>4.5 stars, I guess? And that's when I am being generous.",1,6.0
2015-09-18,13890,"A Crown of Swords (Wheel of Time, #7)",Robert Jordan,"Jordan, Robert",,0812550285,9.78081E+12,3,4.01,Tor Books,Mass Market Paperback,880.0,1997.0,1996.0,2015-12-18,2015-09-01,,read,,1,18.0
2015-10-01,140974,"The Path of Daggers (Wheel of Time, #8)",Robert Jordan,"Jordan, Robert",,0812550293,9.78081E+12,3,3.9,Tor Books,Mass Market Paperback,685.0,1999.0,1998.0,2015-10-02,2015-09-18,finest-fantasy,read,,1,14.0
2015-10-30,13891,"Winter's Heart (Wheel of Time, #9)",Robert Jordan,"Jordan, Robert",,081257558X,9.78081E+12,4,3.92,Tor Fantasy,Mass Market Paperback,780.0,2002.0,2000.0,2015-10-30,2015-10-01,,read,,1,30.0
2015-12-10,113435,"Crossroads of Twilight (Wheel of Time, #10)",Robert Jordan,"Jordan, Robert",,0312864590,9.78031E+12,4,3.82,Tor Fantasy,Hardcover,704.0,2003.0,2003.0,2015-12-18,2015-11-14,,read,,1,27.0
2015-12-29,25106,The Sandman: Fables & Reflections,Neil Gaiman,"Gaiman, Neil","Bryan Talbot, Stan Woch, P. Craig Russell, Shawn McManus, John Watkiss, Jill Thompson, Duncan Eagleson, Kent Williams, Todd Klein",1563891069,9.78156E+12,4,4.45,DC Comics,Hardcover,264.0,1999.0,1990.0,2015-12-30,2015-12-29,,read,,1,1.0
2016-01-01,10799,A Farewell to Arms,Ernest Hemingway,"Hemingway, Ernest",نجف دریابندری,0099910101,9.7801E+12,3,3.79,Arrow Books,Paperback,293.0,2004.0,1929.0,2015-01-03,2015-12-25,,read,,1,8.0
2016-01-05,13888,"Knife of Dreams (Wheel of Time, #11)",Robert Jordan,"Jordan, Robert",,0812577566,9.78081E+12,4,4.12,Tom Doherty Associates,Mass Market Paperback,860.0,2006.0,2005.0,2016-01-19,2015-12-10,,read,,1,27.0
2016-01-19,7141427,"The Gathering Storm (Wheel of Time, #12)",Robert Jordan,"Jordan, Robert",Brandon Sanderson,0765341530,9.78077E+12,4,4.35,Tom Doherty Associates TOR Fantasy,Paperback,1098.0,2010.0,2009.0,2016-01-19,2016-01-05,,read,,1,15.0
2016-01-28,8253920,"Towers of Midnight (Wheel of Time, #13)",Robert Jordan,"Jordan, Robert",Brandon Sanderson,0765325942,9.78077E+12,4,4.42,Tom Doherty Associates TOR Fantasy,Hardcover,863.0,2010.0,2010.0,2016-01-28,2016-01-19,,read,,1,10.0
2016-02-08,7743175,"A Memory of Light (Wheel of Time, #14)",Robert Jordan,"Jordan, Robert",Brandon Sanderson,0765325950,9.78077E+12,5,4.5,Tor Books,Hardcover,909.0,2013.0,2012.0,2016-02-09,2016-01-28,finest-fantasy,read,"God dammit.<br/>It's done, it's over.<br/>After nearly a year, it's over now. The journey that started with the Eye Of The World ends with A Memory of Light, after so many days and hours spent reading this book.<br/>Fourteen books, each nearly a thousand pages, probably a million words. And now this is done.<br/>I am no state to write a review, maybe someday later when I am less emotional. Not now, certainly not now.",1,12.0
2016-02-14,17182126,"Steelheart (The Reckoners, #1)",Brandon Sanderson,"Sanderson, Brandon",,0385743564,9.78039E+12,3,4.16,Delacorte Press,Hardcover,386.0,2013.0,2013.0,2016-02-09,2016-02-11,,read,,1,4.0
2016-02-15,18966322,"Mitosis (The Reckoners, #1.5)",Brandon Sanderson,"Sanderson, Brandon",,0449818438,9.78045E+12,3,3.87,Delacorte Press,ebook,35.0,2013.0,2013.0,2016-02-14,2016-02-14,,read,,1,2.0
2016-02-24,15704459,"Firefight (The Reckoners, #2)",Brandon Sanderson,"Sanderson, Brandon",,0385743580,9.78039E+12,3,4.29,Delacorte Press,Hardcover,416.0,2015.0,2015.0,2016-02-15,2016-02-15,,read,,1,10.0
2016-02-29,15704486,"Calamity (The Reckoners, #3)",Brandon Sanderson,"Sanderson, Brandon",,0385743602,9.78039E+12,3,4.19,Delacorte Press,Hardcover,417.0,2016.0,2016.0,2016-02-25,2016-02-25,,read,"An interesting take on the idea of superheroes, or more closely, X-men.<br/><br/>Over the whole series, the fight of normal people against epic was pretty deftly depicted, although that did seem to flag a bit in the end. I'd give this book a 3.25, but I feel that's the best Sanderson could have done within the confines of 400 pages.",1,5.0
2016-03-06,1268479,"Warbreaker (Warbreaker, #1)",Brandon Sanderson,"Sanderson, Brandon",,0765360039,9.78077E+12,5,4.22,Self-published,ebook,688.0,2009.0,2009.0,2015-01-23,2016-02-29,,read,,1,7.0
2016-03-10,7082,Do Androids Dream of Electric Sheep?,Philip K. Dick,"Dick, Philip K.",Roger Zelazny,0345404475,9.78035E+12,5,4.08,Del Rey / Ballantine Books,Paperback,244.0,1996.0,1968.0,2015-01-03,2016-03-06,,read,,1,5.0
2016-03-16,17910124,"The Emperor's Blades (Chronicle of the Unhewn Throne, #1)",Brian Staveley,"Staveley, Brian",,0765336405,9.78077E+12,4,4.15,Tor Books,Hardcover,480.0,2014.0,2014.0,2016-03-08,2016-03-11,,read,,1,6.0
2016-03-22,22745352,"The Providence of Fire (Chronicle of the Unhewn Throne, #2)",Brian Staveley,"Staveley, Brian",,0765336413,9.78077E+12,3,4.15,Tor Books,Kindle Edition,737.0,2015.0,2015.0,2016-03-17,2016-03-17,,read,,1,6.0
2016-04-02,20753341,"The Last Mortal Bond (Chronicle of the Unhewn Throne, #3)",Brian Staveley,"Staveley, Brian",,0765336421,9.78077E+12,3,4.09,Tor Books,Kindle Edition,897.0,2016.0,2016.0,2016-03-24,2016-03-24,,read,"Took me long enough.<br/>INCREDIBLY drawn out - from the beginning to the very end it felt like nearly every sentence was being repeated thrice, and even after the reader gets how serious the situation is, Staveley just keeps rubbing their nose in that particular grindstone.<br/>Other particular pieces of discontent:<br/><spoiler><br/><p><br/>1. <b>Character development for certain characters</b> went horribly wrong somewhere. Like, what was the point of showing <i>Gwenna loves Valyn</i> after reaching the 90% point of the trilogy, if that induces nothing farther in the storyline? Bad decisions all around.<br/></p><br/><p><br/>2. <b> Lack of coherence </b> was another itch I couldn't really put past me. Who is going to care for the millions and millions of loose ends that Stavely left around all over the place? What happened to the skullsworn, or why did the pseudo-Kettral come into the story if only to be killed by Baledin <i>20 seconds</i> into the fight? If this were a movie I would say this is going through a strict budget cut - but it is not; and so I must say this book suffers from the lack of imagination of the author, or simply his lack of concern about these<br/></p>.<br/></spoiler><br/>Would have given 2.5/5 stars. Given 3 because of my generosity and some very well written paragraphs (still less than 10) over the whole book.",1,10.0
2016-04-15,643750,"The Lies of Locke Lamora (Gentleman Bastard, #1)",Scott Lynch,"Lynch, Scott",,055358894X,9.78055E+12,5,4.3,Bantam Spectra,Mass Market Paperback,722.0,2007.0,2006.0,2016-02-09,2016-04-03,,read,,1,13.0
2016-05-05,2171498,"Red Seas Under Red Skies (Gentleman Bastard, #2)",Scott Lynch,"Lynch, Scott",,0553588958,9.78055E+12,3,4.24,Bantam Spectra,Mass Market Paperback,760.0,2008.0,2007.0,2016-04-18,2016-04-18,,read,,1,18.0
2016-05-15,26889576,The Big Short: Inside the Doomsday Machine,Michael   Lewis,"Lewis, Michael",,039335315X,9.78039E+12,4,4.26,W. W. Norton  Company,Paperback,320.0,2015.0,2009.0,2016-04-18,2016-05-05,,read,,1,11.0
2016-06-08,5660855,"The Republic of Thieves (Gentleman Bastard, #3)",Scott Lynch,"Lynch, Scott",,0575084472,9.78058E+12,3,4.23,Gollancz ,Paperback,722.0,2013.0,2013.0,2016-05-15,2016-05-15,,read,,1,25.0
2016-07-15,11297277,Hard-Boiled Wonderland and the End of the World,Haruki Murakami,"Murakami, Haruki",,0679743464,9.78068E+12,4,4.15,,Kindle Edition,416.0,,1985.0,2016-07-03,2016-07-03,,read,,1,13.0
2016-08-06,16065004,"Shadows of Self (Mistborn, #5)",Brandon Sanderson,"Sanderson, Brandon",,0765378558,9.78077E+12,4,4.3,Tor Books,Hardcover,383.0,2015.0,2015.0,2015-10-17,2016-07-29,,read,,1,9.0
2016-08-12,18739426,"The Bands of Mourning (Mistborn, #6)",Brandon Sanderson,"Sanderson, Brandon",,0765378574,9.78077E+12,2,4.45,Tor,Kindle Edition,336.0,2016.0,2016.0,2016-08-12,2016-08-06,,read,,1,7.0
2016-08-15,29056083,"Harry Potter and the Cursed Child - Parts One and Two (Harry Potter, #8)",John Tiffany,"Tiffany, John","Jack Thorne, J.K. Rowling",0751565350,9.78075E+12,4,3.73,"Little, Brown",Hardcover,343.0,2016.0,2016.0,2016-08-15,2016-08-15,,read,,1,1.0
2016-08-15,334123,"The Amulet of Samarkand (Bartimaeus, #1)",Jonathan Stroud,"Stroud, Jonathan",,078681859X,9.78079E+12,4,4.0,Hyperion Books for Children,Hardcover,462.0,2003.0,2003.0,2016-07-28,2016-07-28,,read,,1,19.0
2016-08-28,59263,"The Golem's Eye (Bartimaeus, #2)",Jonathan Stroud,"Stroud, Jonathan",,0786836547,9.78079E+12,3,4.09,Disney-Hyperion,Paperback,562.0,2006.0,2004.0,2016-08-15,2016-08-15,,read,,1,14.0
2016-09-11,59264,"Ptolemy's Gate (Bartimaeus, #3)",Jonathan Stroud,"Stroud, Jonathan",,0786818611,9.78079E+12,4,4.24,Miramax Disney-Hyperion,Hardcover,501.0,2005.0,2006.0,2016-08-28,2016-08-28,,read,,1,15.0
2016-10-04,18047306,"House of Blades (Traveler's Gate, #1)",Will Wight,"Wight, Will",,0989671704,989671704,3,4.08,Hidden Gnome Publishing,Kindle Edition,294.0,2013.0,2013.0,2016-09-08,2016-09-08,,read,,1,27.0
2016-10-13,18310619,"The Crimson Vault (Traveler's Gate, #2)",Will Wight,"Wight, Will",,0989671798,989671798,4,4.18,Hidden Gnome Publishing,Kindle Edition,386.0,2013.0,2013.0,2016-10-14,2016-10-02,,read,,1,12.0
2016-10-19,18400420,"City of Light (Traveler's Gate, #3)",Will Wight,"Wight, Will",,0989671712,9.78099E+12,4,4.15,Hidden Gnome Publishing,Kindle Edition,394.0,2014.0,2014.0,2016-10-14,2016-10-14,,read,,1,6.0
2016-10-22,12891111,"Prince of Thorns (The Broken Empire, #1)",Mark  Lawrence,"Lawrence, Mark",,0007423632,9.78001E+12,4,3.87,Harper Voyager,Paperback,416.0,2012.0,2011.0,2016-10-19,2016-10-19,,read,,1,4.0
2016-10-25,12891107,"King of Thorns (The Broken Empire, #2)",Mark  Lawrence,"Lawrence, Mark",,1937007472,9.78194E+12,4,4.2,Ace Books,Hardcover,449.0,2012.0,2012.0,2016-10-23,2016-10-23,,read,,1,3.0
2016-11-06,15985373,"Emperor of Thorns (The Broken Empire, #3)",Mark  Lawrence,"Lawrence, Mark",,0425256855,9.78043E+12,4,4.26,Ace,Hardcover,434.0,2013.0,2013.0,2016-10-25,2016-10-25,,read,,1,13.0
2016-11-18,17690,The Trial,Franz Kafka,"Kafka, Franz","Edwin Muir, Willa Muir, Max Brod",0099428644,9.7801E+12,3,3.99,Vintage Classics,Paperback,255.0,2001.0,1925.0,2014-10-16,2016-11-06,,read,,1,13.0
2016-11-23,20603758,Ready Player One,Ernest Cline,"Cline, Ernest",,030788743X,9.78031E+12,4,4.31,Broadway Books,Kindle Edition,386.0,2011.0,2011.0,2016-06-14,2016-11-05,,read,,1,19.0
2017-01-10,49628,Cloud Atlas,David Mitchell,"Mitchell, David",,0375507256,9.78038E+12,5,4.01,Random House,Paperback,509.0,2004.0,2004.0,2015-01-03,2016-12-31,,read,"If you could create a thing, only one, great, thing, in your lifetime, would you do it?<br/><br/>Cloud Atlas is such a creation from David Mitchell - like the <i>Cloud Atlas Sextet</i> by Robert Frobisher, <spoiler>I would be happy with myself if this book were the only think I ever gave the world.</spoiler> Such neatness that connects one story with another that I never felt lost - instead I just followed along with the narrative as it turned and tossed me first from the past to the future; and then from the future to the past, near the very first point where I started.<br/><br/>Truly, if you are thinking about starting your new year with a new book, pick this up. You will not be disappointed.",1,11.0
2017-01-11,49552,The Stranger,Albert Camus,"Camus, Albert","Stuart Gilbert, Matthew    Ward, Leman Sarı",2070360024,9.78207E+12,5,3.96,Vintage International,Paperback,123.0,1989.0,1942.0,2015-01-03,2017-01-09,,read,"""To feel it so like myself, indeed, so brotherly, made me realize that I’d been happy, and that I was happy still.""<br/><br/><spoiler><br/>Aren't we all?<br/>In the world where apathy makes us guilty, aren't we all a bit of Meursault?<br/>This was always the question, even more so in today's world when we have lost touch with our humanity and having trouble finding it back.<br/></spoiler>",1,3.0
2017-01-29,227463,A Clockwork Orange,Anthony Burgess,"Burgess, Anthony",,0393312836,9.78039E+12,2,3.98,W. W. Norton  Company,Paperback,212.0,1995.0,1962.0,2015-01-03,2017-01-11,,read,"I generally do not rate books which are (or try to be) this profound so low, but for a clockwork orange, I had to. It was an okay book with a good message, but the overuse of Russian slang to show the change in society is just poor writing. I believe there were other better ways of doing it, which the author failed to execute. Even more, the ending fell flat, was very poorly explained, and felt a bit rushed while spending so much time went behind developing the introduction. Overall, I think it is a book worth reading, but it is VERY hard to read - and you should keep that in mind when you pick it up.",1,19.0
2017-02-02,52036,Siddhartha,Hermann Hesse,"Hesse, Hermann",Hilda Rosner,0553208845,9.78055E+12,4,3.99,Bantam Books,Mass Market Paperback,152.0,1981.0,1922.0,2015-01-03,2017-01-30,,read,,1,4.0
2017-03-01,6819,Ghostwritten,David Mitchell,"Mitchell, David",,0375724508,9.78038E+12,3,4.06,Vintage,Paperback,426.0,2001.0,1999.0,2016-03-16,2017-02-01,,read,"Took me a month to read - but well, it was merely okay. Expected better.",1,29.0
2017-03-11,22328,"Neuromancer (Sprawl, #1)",William Gibson,"Gibson, William",,0441569595,9.78044E+12,4,3.88,Ace Books,Mass Market Paperback,271.0,1984.0,1984.0,2016-03-16,2017-03-01,,read,,1,11.0
2017-03-14,13030110,All You Zombies,Robert A. Heinlein,"Heinlein, Robert A.",,0013030110,13030110,4,4.07,The Heinlein Archives,ebook,13.0,1959.0,1959.0,2017-02-16,2017-03-14,,read,,1,1.0
2017-03-27,5129,Brave New World,Aldous Huxley,"Huxley, Aldous",,0060929871,9.78006E+12,4,3.97,Harper Perennial,Paperback,268.0,1998.0,1932.0,2015-01-03,2017-03-16,,read,,1,12.0
2017-04-09,2255,Way of the Peaceful Warrior: A Book That Changes Lives,Dan Millman,"Millman, Dan",,1932073205,9.78193E+12,3,4.13,HJ Kramer,Paperback,240.0,2006.0,1980.0,2017-03-11,2017-03-29,,read,"Reads like a lot of pseudo-deep divulgence of ""wisdom"", but I think there is still some spiritual things to learn from here. Good for at least a new outlook on some things in life.",1,12.0
2017-04-16,30831912,Norse Mythology,Neil Gaiman,"Gaiman, Neil",,039360909X,9.78039E+12,4,4.1,W. W. Norton & Company,Kindle Edition,304.0,2017.0,2017.0,2017-03-31,2017-04-12,,read,"The gods live, and they die, and they live again.<br/>Have not read such a great book in a long, long time. Neil Gaiman's writing is absolutely refreshing.",1,5.0
2017-04-26,35870,"Ghost in the Shell (Ghost in the Shell, #1)",Masamune Shirow,"Shirow, Masamune",,1593072287,9.78159E+12,4,4.2,Dark Horse Comics,Paperback,350.0,2006.0,1991.0,2017-04-16,2017-04-16,,read,,1,11.0
2017-05-06,22055262,"A Darker Shade of Magic (Shades of Magic, #1)",V.E. Schwab,"Schwab, V.E.",Victoria Schwab,0765376458,9.78077E+12,2,4.07,Tor Books,Hardcover,400.0,2015.0,2015.0,2016-11-05,2017-04-26,,read,,1,11.0
2017-05-10,4671,The Great Gatsby,F. Scott Fitzgerald,"Fitzgerald, F. Scott",,0743273567,9.78074E+12,5,3.89,Scribner,Paperback,180.0,2004.0,1925.0,2015-01-03,2017-05-08,,read,"An absolute masterpiece, this one. I don't know why I could sympathize with Carraway so much, considering we are a century apart - and our backgrounds have nothing in common; but still, how I resonated with his words are truly remarkable. Maybe this is what it means to be a truly great author - that you can make your readers feel what your characters are feeling even after you are long gone.",1,3.0
2017-06-03,46165,This Side of Paradise,F. Scott Fitzgerald,"Fitzgerald, F. Scott",,0684843781,9.78068E+12,3,3.68,Scribner,Paperback,288.0,1998.0,1920.0,2017-05-08,2017-05-01,,read,"<b>""I have known myself, but that is all.""</b><br/>Oh Amory, Amory Blaine, the poor, lost youth from the lost generation! Why do I still see you everywhere?<br/><br/>The book read more like an autobiography than a fiction - and I can only imagine how Fitzgerald felt while he wrote the book. His long speech about the upside-down system at the end was still so frighteningly relevant - that it makes me fearful of the future. Then again, a century has passed since then, and we are still here, making slow progress while paving the way with the lives of many. Maybe we will keep going ahead. <b>Maybe the hopes and dreams that we sacrifice on the way today is the fuel for a shinier future.</b> Maybe that's the curse humanity is forced to bear.<br/><br/>I know this review doesn't make much sense. It is not supposed to. I am writing down how reading this book has made me feel.",1,34.0
2017-06-08,10245602,Poor Economics: A Radical Rethinking of the Way to Fight Global Poverty,Abhijit V. Banerjee,"Banerjee, Abhijit V.",Esther Duflo,1586487981,9.78159E+12,4,4.22,PublicAffairs,Hardcover,320.0,2011.0,2011.0,2017-05-29,2017-05-29,,read,"Things I have seen all my life (or at least in the first 17 years of it), written up in a clear and concise way, with some added hypothesis about why that might be the case.",1,11.0
2017-06-09,19434998,Sandman Special #1: The Song of Orpheus,Neil Gaiman,"Gaiman, Neil",,0019434998,19434998,0,4.12,DC Vertigo,Comic,64.0,,1991.0,2017-06-09,2017-06-09,finest-fantasy,read,,1,1.0
2017-06-11,25105,The Sandman: Brief Lives (The Sandman #7),Neil Gaiman,"Gaiman, Neil","Jill Thompson, Vince Locke, Peter Straub",1563891379,9.78156E+12,5,4.54,Vertigo,Hardcover,256.0,1999.0,1994.0,2017-06-10,2017-06-10,,read,"Why does he have to be so...<br/>The Sandman characters are so removed from life that I can never fathom why they make me feel so strongly. Or maybe because they are so removed from life, so much larger than life itself, that gives it the beauty nothing else could quite capture.",1,2.0
2017-06-11,9557,Sputnik Sweetheart,Haruki Murakami,"Murakami, Haruki",Philip Gabriel,0099448475,9.7801E+12,4,3.82,Vintage,Paperback,229.0,2002.0,1999.0,2017-06-05,2017-06-11,,read,Read the entire book in one day. My only regret now is that there aren't enough books by Murakami in this world - because then I'd hardly read anything else.,1,1.0
2017-06-12,19268899,The Sandman #50: Ramadan,Neil Gaiman,"Gaiman, Neil",P. Craig Russell,0019268899,19268899,5,4.38,Vertigo,Kindle Edition,35.0,,,2017-06-12,2017-06-12,,read,,1,1.0
2017-06-13,135479,Cat's Cradle,Kurt Vonnegut Jr.,"Jr., Kurt Vonnegut",,0140285601,9.78014E+12,5,4.17,Penguin,Paperback,306.0,1999.0,1963.0,2016-06-23,2017-06-11,,read,"I have always had a penchant for apocalyptic literature. Maybe because I always had the feeling that the world has more of a chance for ending in my age than any others before it.<br/><br/>Would people survive? Probably not.<br/><br/>But what other way can we deal with it, without dealing in satires? Probably not. That's the only weapon we have when the others have ice-nine enough to end the world.<br/><br/>Another weird but excellent book. It deserves every star it got from me.",1,3.0
2017-06-15,25103,The Sandman: World's End (The Sandman #8),Neil Gaiman,"Gaiman, Neil","Mike Allred, Gary Amaro, Mark Buckingham, David Giordano, Tony Harris, Steve Leialoha, Vince Locke, Shea Anton Pensa, Alec Stevens, Bryan Talbot, John Watkiss, Todd Klein, Michael Zulli, Stephen King",1563891700,9.78156E+12,4,4.48,Vertigo,Hardcover,168.0,1999.0,1995.0,2017-06-14,2017-06-14,,read,,1,2.0
2017-06-18,71252,The Kindly Ones (The Sandman #9),Neil Gaiman,"Gaiman, Neil","Marc Hempel, Richard Case, D'Israeli, Teddy Kristiansen, Glyn Dillon, Charles Vess, Dean Ormston, Kevin Nowlan, Todd Klein, Frank McConnell",1563892049,9.78156E+12,5,4.59,Vertigo,Hardcover,352.0,1999.0,1996.0,2017-06-18,2017-06-17,,read,"I hereby declare Sandman a part of me; so whoever loves Sandman loves me.<br/><br/><spoiler><br/>Wasn't it really inevitable, that the story of Dream had to end this way? I knew what was coming at every step I took towards the end of the story, and yet I read on.<br/><br/>And Gaiman didn't disappoint. It was not some grand battle, it was like how a fire dies, little by little till you cannot remember where.<br/><br/>Still, I loved the little moments of artistry, where the writing touches your heart and kills you at the same time. It was like being granted love and having it taken away - it's hard on you but, you would go through it all over again.<br/></spoiler>",1,2.0
2017-06-19,10374117,The Phantom Tollbooth,Norton Juster,"Juster, Norton",,0394820371,9.78039E+12,4,4.22,Random House Children's Books,Kindle Edition,274.0,2011.0,1961.0,2017-06-19,2017-06-14,,read,,1,6.0
2017-06-21,99561,Looking for Alaska,John Green,"Green, John",,0142402516,9.78014E+12,3,4.08,Speak,Paperback,221.0,2006.0,2005.0,2017-06-08,2017-06-20,,read,"Wasn't overwhelmed. Yes, I was concerned, but that was ultimately the strongest feeling this book made me feel :(",1,2.0
2017-06-25,26135825,Fun Home: A Family Tragicomic,Alison Bechdel,"Bechdel, Alison",,0618871713,9.78062E+12,5,4.11,Mariner Books,Paperback,232.0,2007.0,2006.0,2017-06-15,2017-06-23,,read,,1,3.0
2017-07-06,9777,The God of Small Things,Arundhati Roy,"Roy, Arundhati",,0679457313,9.78068E+12,4,3.92,Random House,Hardcover,340.0,1997.0,1997.0,2015-01-03,2017-06-25,,read,,1,12.0
2017-07-08,25104,The Wake (The Sandman #10),Neil Gaiman,"Gaiman, Neil","Michael Zulli, Jon J. Muth, Charles Vess, Mikal Gilmore",1563892871,9.78156E+12,4,4.53,Vertigo,Hardcover,192.0,1999.0,1996.0,2017-07-08,2017-07-08,,read,"The epic saga finally ends :)<br/>And what an ending it was! I could write a hundred words about why ""The Wake"" is a perfect title for this series. But I will not.<br/><spoiler><br/>Because sometimes, what's needed more is to mourn someone you loved. And then to move on.<br/>And that's what I am going to do. For Morpheus. For nothing more than a point of view, on things, an endless series of observation that also gave rise to infinite joy.<br/></spoiler><br/>I hope I come upon another series that might be as good. But even if I don't, I hope I remember this.<br/>Because, as Neil wrote, ""Everything changes, but nothing is truly lost.""",1,1.0
2017-07-12,7588,A Portrait of the Artist as a Young Man,James Joyce,"Joyce, James",Seamus Deane,0142437344,9.78014E+12,3,3.61,Penguin Classics,Paperback,329.0,2003.0,1916.0,2015-01-03,2017-07-09,to-revisit,read,"The three stars will fool you only if you let them to.<br/>I would say it is so much more for my inability to grasp the book's true meaning than its inability to convey it. Maybe I will come back once I have seen more of life, and then I will understand more of it.<br/><spoiler>At least I could really relate to Dedalus's perspective on religion. Interesting how these still stay relevant even after a hundred years.</spoiler>",1,4.0
2017-07-13,18310944,The Sandman: Overture,Neil Gaiman,"Gaiman, Neil","J.H. Williams III, Dave Stewart, Todd Klein",1401248969,9.7814E+12,4,3.95,Vertigo,Hardcover,224.0,2015.0,2015.0,2017-07-13,2017-07-13,,read,,1,1.0
2017-07-13,31540817,Men Without Women,Haruki Murakami,"Murakami, Haruki",,0451494628,9.78045E+12,4,3.77,Knopf Publishing Group,Hardcover,240.0,2017.0,2014.0,2017-05-26,2017-07-11,,read,,1,3.0
2017-07-22,30290910,"Elantris (Elantris, #1)",Brandon Sanderson,"Sanderson, Brandon",,0765350378,9.78077E+12,3,4.17,Tor Books,Kindle Edition,508.0,2015.0,2005.0,2015-01-23,2017-07-13,,read,,1,10.0
2017-08-02,157993,The Little Prince,Antoine de Saint-Exupéry,"Saint-Exupéry, Antoine de","Richard Howard, Dom Marcos Barbosa, Melina Karakosta",0156012197,9.78016E+12,5,4.29,"Harcourt, Inc.",Paperback,93.0,2000.0,1943.0,2015-01-03,2017-07-25,,read,,1,9.0
2017-08-05,11297,Norwegian Wood,Haruki Murakami,"Murakami, Haruki",Jay Rubin,0375704027,9.78038E+12,5,4.02,Vintage Books,Paperback,296.0,2000.0,1987.0,2014-09-02,2017-08-04,,read,,2,2.0
2017-08-13,629,Zen and the Art of Motorcycle Maintenance: An Inquiry Into Values,Robert M. Pirsig,"Pirsig, Robert M.",,0060589469,9.78006E+12,4,3.76,HarperTorch,Mass Market Paperback,540.0,2006.0,1974.0,2016-01-22,2017-07-31,,read,,1,14.0
2017-08-21,432,"City of Glass (The New York Trilogy, #1)",Paul Auster,"Auster, Paul",,0140097317,9.78014E+12,2,3.81,Penguin Books,Paperback,203.0,1987.0,1985.0,2017-08-21,2017-08-19,,read,,1,3.0
2017-08-22,434,"Ghosts (The New York Trilogy, #2)",Paul Auster,"Auster, Paul",,014009735X,9.78014E+12,4,3.66,Penguin Books,Paperback,96.0,1987.0,1986.0,2017-08-21,2017-08-21,,read,,1,2.0
2017-08-23,435,"The Locked Room (The New York Trilogy, #3)",Paul Auster,"Auster, Paul",,0940650762,9.78094E+12,3,3.89,Sun and Moon Press,Hardcover,179.0,1986.0,1986.0,2017-08-23,2017-08-21,,read,,1,3.0
2017-08-26,21555972,Batman Noir: The Long Halloween,Jeph Loeb,"Loeb, Jeph",Tim Sale,1401248837,9.7814E+12,4,4.3,DC Comics,Hardcover,384.0,2014.0,1997.0,2017-08-24,2017-08-26,,read,,1,1.0
2017-09-03,386162,"The Hitchhiker's Guide to the Galaxy (Hitchhiker's Guide, #1)",Douglas Adams,"Adams, Douglas",,0345418913,9.78035E+12,4,4.2,Del Rey,Paperback,193.0,1997.0,1979.0,2017-06-08,2017-08-30,,read,,1,5.0
2017-09-11,21535271,The Slow Regard of Silent Things (The Kingkiller Chronicle #2.5),Patrick Rothfuss,"Rothfuss, Patrick",Nate  Taylor,0756410436,9.78076E+12,5,3.92,DAW Books,Hardcover,159.0,2014.0,2014.0,2017-09-11,2017-09-09,,read,,1,3.0
2017-09-23,472331,Watchmen,Alan Moore,"Moore, Alan","Dave Gibbons, John Higgins",0930289234,9.78093E+12,5,4.35,DC Comics,Paperback,416.0,2005.0,1987.0,2015-05-11,2017-08-13,,read,,1,42.0
2017-10-01,51985,Existentialism Is a Humanism,Jean-Paul Sartre,"Sartre, Jean-Paul","Arlette Elkaïm-Sartre, Annie Cohen-Solal, Carol Macomber",0300115466,9.7803E+12,5,3.96,Yale University Press,Paperback,108.0,2007.0,1946.0,2017-09-20,2017-09-20,,read,,1,12.0
2017-10-08,59960,"Batman: The Dark Knight Returns (The Dark Knight Saga, #1)",Frank Miller,"Miller, Frank","Klaus Janson, Lynn Varley",156389341X,9.78156E+12,5,4.25,DC Comics,Hardcover,197.0,2002.0,1986.0,2015-05-11,2017-10-08,,read,,1,1.0
2017-10-20,20639917,Flash Boys,Michael   Lewis,"Lewis, Michael",,0393351599,9.78039E+12,4,4.12,W. W. Norton & Company,Kindle Edition,304.0,2014.0,2014.0,2017-10-10,2017-10-10,,read,,1,11.0
2017-11-02,32388712,The Ministry of Utmost Happiness,Arundhati Roy,"Roy, Arundhati",,067008963X,9.78067E+12,4,3.53,Hamish Hamilton,Hardcover,445.0,2017.0,2017.0,2017-10-20,2017-10-20,,read,,1,14.0
2017-11-05,59980,Batman: Year One,Frank Miller,"Miller, Frank","David Mazzucchelli, Richmond Lewis, Dennis O'Neil",1401207529,9.7814E+12,5,4.22,DC Comics,Paperback,144.0,2005.0,1987.0,2017-11-05,2017-11-02,,read,,1,4.0
2017-11-14,95431,"Preacher, Volume 1: Gone to Texas",Garth Ennis,"Ennis, Garth","Steve Dillon, Joe R. Lansdale",1563892618,9.78156E+12,3,4.16,Vertigo,Paperback,336.0,1996.0,1996.0,2017-10-19,2017-11-13,,read,,1,2.0
2017-11-22,95406,"Preacher, Volume 2: Until the End of the World",Garth Ennis,"Ennis, Garth",Steve Dillon,1563893126,9.78156E+12,4,4.27,Vertigo,Paperback,258.0,1997.0,1997.0,2017-11-22,2017-11-22,,read,,1,1.0
2017-11-24,23692271,Sapiens: A Brief History of Humankind,Yuval Noah Harari,"Harari, Yuval Noah",,0062316095,9.78006E+12,5,4.43,Harvill Secker,Paperback,443.0,2014.0,2011.0,2017-09-04,2017-09-05,,read,,1,81.0
